{
    "objects": [
        {
            "name": "Floor1 (Room1)",
            "position": {
                "x": -0.6276367902755737,
                "y": 0.0059999823570251469,
                "z": -0.4229930341243744
            },
            "rotation": {
                "x": 0.0,
                "y": 124.79879760742188,
                "z": 0.0
            },
            "scale": {
                "x": 1.0,
                "y": 1.0,
                "z": 1.0
            }
        },
        {
            "name": "Player(Clone) (Room1)",
            "position": {
                "x": -0.025195840746164323,
                "y": 0.0,
                "z": 0.1383548080921173
            },
            "rotation": {
                "x": 0.0,
                "y": 158.13922119140626,
                "z": 0.0
            },
            "scale": {
                "x": 0.03999999538064003,
                "y": 0.03999999910593033,
                "z": 0.03999999538064003
            }
        },
        {
            "name": "Turtle(Clone) (Room1)",
            "position": {
                "x": -0.014342749491333962,
                "y": 0.0,
                "z": -0.029928606003522874
            },
            "rotation": {
                "x": 0.0,
                "y": 312.2242431640625,
                "z": 0.0
            },
            "scale": {
                "x": 1.0,
                "y": 1.0,
                "z": 1.0
            }
        },
        {
            "name": "Door(Clone) (Room1)",
            "position": {
                "x": -0.011243835091590882,
                "y": 2.9802322387695315e-8,
                "z": -0.18808774650096894
            },
            "rotation": {
                "x": 0.0,
                "y": 179.1658477783203,
                "z": 0.0
            },
            "scale": {
                "x": 1.0,
                "y": 1.0,
                "z": 1.0
            }
        }
    ]
}